night,title,word_count,sentence_count,avg_sentence_len,fk_grade,pace_wpm,calm_level,is_sequel,cast_size,bedtime_hour,narration_seconds,minutes_to_asleep
2026-09-24,The Loud Parade (sample),460,54,8.5,2.4,125,2,0,1,19,221,21
2026-09-25,Boots in the Puddle (sample),420,53,8.0,2.1,120,3,1,2,19,210,14
2026-09-26,The Turtle Who Waited (sample),380,49,7.8,1.9,115,3,1,2,19,198,13
2026-09-27,Moon Behind the Chimney (sample),300,40,7.5,1.6,110,4,1,2,19,164,8
2026-09-28,Snow on the Windowsill (sample),250,35,7.2,1.3,100,4,1,2,19,150,6
2026-09-29,The Birthday Boat (sample),520,57,9.1,2.6,130,2,0,3,19,240,22
2026-09-30,Counting Soft Things (sample),330,48,6.9,1.2,105,5,1,2,19,189,5
2026-10-01,The Red Boot Expedition (sample),400,49,8.2,2.0,118,3,1,3,19,203,13
2026-10-02,The Slow Turtle Again (sample),290,39,7.4,1.5,108,4,1,2,19,161,7
2026-10-03,Pim and the Sleeping Moon,133,17,7.82,3.96,95,5,1,2,19,84,
2026-10-04,Pim and the Moon's Smile,108,12,9.0,2.78,95,5,1,2,19,68,
2026-10-05,The Moon and Pim,99,16,6.19,2.32,95,5,1,2,19,62,
2026-10-06,Pim and the Soft Snow,105,20,5.25,1.18,95,5,1,2,19,66,
2026-10-07,Pim and The Moon’s Light,77,10,7.7,2.28,95,5,1,2,19,48,
2026-10-08,Pim and The Moon’s Gentle Sleep,156,27,5.78,1.64,95,5,1,2,19,98,
2026-10-09,Pim and The Moon's Quiet Night,132,16,8.25,2.47,95,5,1,2,19,83,
2026-10-10,Pim and The Moon’s Sleepy Dream,129,18,7.17,2.48,95,5,1,2,19,81,
